{
  "hash": "e97b672c",
  "browserHash": "b15020c1",
  "optimized": {
    "react": {
      "src": "../../node_modules/react/index.js",
      "file": "react.js",
      "fileHash": "7d44a5ba",
      "needsInterop": true
    },
    "react-dom/client": {
      "src": "../../node_modules/react-dom/client.js",
      "file": "react-dom_client.js",
      "fileHash": "33eb17ae",
      "needsInterop": true
    },
    "react-router-dom": {
      "src": "../../node_modules/react-router-dom/dist/index.mjs",
      "file": "react-router-dom.js",
      "fileHash": "946961d8",
      "needsInterop": false
    },
    "react-icons/bi": {
      "src": "../../node_modules/react-icons/bi/index.mjs",
      "file": "react-icons_bi.js",
      "fileHash": "5cacd0fc",
      "needsInterop": false
    },
    "react-icons/im": {
      "src": "../../node_modules/react-icons/im/index.mjs",
      "file": "react-icons_im.js",
      "fileHash": "87ae9ccf",
      "needsInterop": false
    },
    "prop-types": {
      "src": "../../node_modules/prop-types/index.js",
      "file": "prop-types.js",
      "fileHash": "f851edb1",
      "needsInterop": true
    },
    "react-icons/bs": {
      "src": "../../node_modules/react-icons/bs/index.mjs",
      "file": "react-icons_bs.js",
      "fileHash": "3d417548",
      "needsInterop": false
    },
    "html-react-parser": {
      "src": "../../node_modules/html-react-parser/esm/index.mjs",
      "file": "html-react-parser.js",
      "fileHash": "cd95b240",
      "needsInterop": false
    },
    "react-icons/ri": {
      "src": "../../node_modules/react-icons/ri/index.mjs",
      "file": "react-icons_ri.js",
      "fileHash": "c668d59f",
      "needsInterop": false
    },
    "react-icons/io": {
      "src": "../../node_modules/react-icons/io/index.mjs",
      "file": "react-icons_io.js",
      "fileHash": "f4bb7423",
      "needsInterop": false
    },
    "react-icons/md": {
      "src": "../../node_modules/react-icons/md/index.mjs",
      "file": "react-icons_md.js",
      "fileHash": "dbc0211d",
      "needsInterop": false
    }
  },
  "chunks": {
    "chunk-UPT3JXAF": {
      "file": "chunk-UPT3JXAF.js"
    },
    "chunk-MXTNKOOP": {
      "file": "chunk-MXTNKOOP.js"
    },
    "chunk-PSZ65TEE": {
      "file": "chunk-PSZ65TEE.js"
    },
    "chunk-TCQZMY3T": {
      "file": "chunk-TCQZMY3T.js"
    }
  }
}